insert into courts (Court_ID, Court_Name, Court_type, Status) values (1, 'Rice-Medhurst', 'Common brushtail possum', false);
insert into courts (Court_ID, Court_Name, Court_type, Status) values (2, 'Raynor Inc', 'Squirrel, indian giant', false);
insert into courts (Court_ID, Court_Name, Court_type, Status) values (3, 'Schamberger-Langworth', 'African wild cat', true);
insert into courts (Court_ID, Court_Name, Court_type, Status) values (4, 'Armstrong, Hirthe and Hermiston', 'Southern tamandua', false);
insert into courts (Court_ID, Court_Name, Court_type, Status) values (5, 'Bogan-Jacobs', 'Common grenadier', true);
insert into courts (Court_ID, Court_Name, Court_type, Status) values (6, 'Greenfelder LLC', 'Desert kangaroo rat', false);
insert into courts (Court_ID, Court_Name, Court_type, Status) values (7, 'Murphy Inc', 'Gray rhea', true);
insert into courts (Court_ID, Court_Name, Court_type, Status) values (8, 'Reichel, Bruen and Mante', 'Kafue flats lechwe', false);
insert into courts (Court_ID, Court_Name, Court_type, Status) values (9, 'Durgan-Willms', 'Macaw, scarlet', true);
insert into courts (Court_ID, Court_Name, Court_type, Status) values (10, 'Turner, Bauch and O''Hara', 'Toddy cat', true);
insert into courts (Court_ID, Court_Name, Court_type, Status) values (11, 'Prosacco-Luettgen', 'Whale, killer', false);
insert into courts (Court_ID, Court_Name, Court_type, Status) values (12, 'Koelpin, Considine and Haley', 'Plover, blacksmith', false);
insert into courts (Court_ID, Court_Name, Court_type, Status) values (13, 'Braun, Stoltenberg and Morar', 'Stork, woolly-necked', true);
insert into courts (Court_ID, Court_Name, Court_type, Status) values (14, 'Ferry Group', 'Long-necked turtle', true);
insert into courts (Court_ID, Court_Name, Court_type, Status) values (15, 'Watsica, Ullrich and Hahn', 'Coqui francolin', false);
insert into courts (Court_ID, Court_Name, Court_type, Status) values (16, 'Kihn-Smitham', 'Cat, african wild', true);
insert into courts (Court_ID, Court_Name, Court_type, Status) values (17, 'Graham-Kihn', 'Weaver, sociable', true);
insert into courts (Court_ID, Court_Name, Court_type, Status) values (18, 'Daugherty-Larson', 'Red kangaroo', false);
insert into courts (Court_ID, Court_Name, Court_type, Status) values (19, 'Lesch LLC', 'Rhea, gray', true);
insert into courts (Court_ID, Court_Name, Court_type, Status) values (20, 'Zboncak Inc', 'African fish eagle', true);
insert into courts (Court_ID, Court_Name, Court_type, Status) values (21, 'DuBuque, Konopelski and Herzog', 'Lily trotter', false);
insert into courts (Court_ID, Court_Name, Court_type, Status) values (22, 'Farrell and Sons', 'Black-backed magpie', false);
insert into courts (Court_ID, Court_Name, Court_type, Status) values (23, 'Nitzsche Inc', 'Elk, Wapiti', false);
insert into courts (Court_ID, Court_Name, Court_type, Status) values (24, 'Johns LLC', 'White-headed vulture', false);
insert into courts (Court_ID, Court_Name, Court_type, Status) values (25, 'Huel-Auer', 'Pronghorn', false);
insert into courts (Court_ID, Court_Name, Court_type, Status) values (26, 'Pagac, Koepp and Schoen', 'Python (unidentified)', false);
insert into courts (Court_ID, Court_Name, Court_type, Status) values (27, 'Medhurst, Williamson and Emmerich', 'Cook''s tree boa', true);
insert into courts (Court_ID, Court_Name, Court_type, Status) values (28, 'Nienow-Nader', 'Constrictor, eastern boa', false);
insert into courts (Court_ID, Court_Name, Court_type, Status) values (29, 'Schroeder Group', 'Magpie, black-backed', false);
insert into courts (Court_ID, Court_Name, Court_type, Status) values (30, 'Langosh Group', 'Richardson''s ground squirrel', true);
insert into courts (Court_ID, Court_Name, Court_type, Status) values (31, 'Breitenberg, Weissnat and Schroeder', 'Otter, african clawless', true);
insert into courts (Court_ID, Court_Name, Court_type, Status) values (32, 'Bogisich LLC', 'Wolf, mexican', true);
insert into courts (Court_ID, Court_Name, Court_type, Status) values (33, 'Effertz and Sons', 'Tern, white-winged', true);
insert into courts (Court_ID, Court_Name, Court_type, Status) values (34, 'O''Hara Group', 'Viper, egyptian', false);
insert into courts (Court_ID, Court_Name, Court_type, Status) values (35, 'Goodwin and Sons', 'Dove, emerald-spotted wood', false);
insert into courts (Court_ID, Court_Name, Court_type, Status) values (36, 'Upton-Armstrong', 'Onager', false);
insert into courts (Court_ID, Court_Name, Court_type, Status) values (37, 'Ferry, Gorczany and Vandervort', 'Numbat', false);
insert into courts (Court_ID, Court_Name, Court_type, Status) values (38, 'Bauch-Kilback', 'House sparrow', true);
insert into courts (Court_ID, Court_Name, Court_type, Status) values (39, 'Lesch, Homenick and Walter', 'Dragonfly, russian', true);
insert into courts (Court_ID, Court_Name, Court_type, Status) values (40, 'Huel-Stokes', 'Pheasant, ring-necked', false);
insert into courts (Court_ID, Court_Name, Court_type, Status) values (41, 'Pouros, Schumm and Klocko', 'Frilled dragon', false);
insert into courts (Court_ID, Court_Name, Court_type, Status) values (42, 'Padberg, Jenkins and Mann', 'Cape clawless otter', false);
insert into courts (Court_ID, Court_Name, Court_type, Status) values (43, 'Jakubowski-Kihn', 'Python, carpet', false);
insert into courts (Court_ID, Court_Name, Court_type, Status) values (44, 'Konopelski, Hegmann and Klocko', 'Horned rattlesnake', false);
insert into courts (Court_ID, Court_Name, Court_type, Status) values (45, 'Harber-Dicki', 'Bunting, crested', true);
insert into courts (Court_ID, Court_Name, Court_type, Status) values (46, 'Botsford, Jakubowski and Wiegand', 'Crane, black-crowned', true);
insert into courts (Court_ID, Court_Name, Court_type, Status) values (47, 'Cruickshank Inc', 'Greater kudu', true);
insert into courts (Court_ID, Court_Name, Court_type, Status) values (48, 'Waelchi-Satterfield', 'Dove, ring', false);
insert into courts (Court_ID, Court_Name, Court_type, Status) values (49, 'McDermott-Stamm', 'Goliath heron', false);
insert into courts (Court_ID, Court_Name, Court_type, Status) values (50, 'Wunsch-Crooks', 'Savannah deer', false);


insert into customer (Customer_ID, First_Name, Last_Name, PhoneNumber) values (1, 'Waldon', 'Voller', '+63 922 258 6218');
insert into customer (Customer_ID, First_Name, Last_Name, PhoneNumber) values (2, 'Willey', 'Gabala', '+63 737 573 0893');
insert into customer (Customer_ID, First_Name, Last_Name, PhoneNumber) values (3, 'Coralie', 'M''Quhan', '+62 277 337 7686');
insert into customer (Customer_ID, First_Name, Last_Name, PhoneNumber) values (4, 'Morty', 'Muckian', '+386 467 939 4679');
insert into customer (Customer_ID, First_Name, Last_Name, PhoneNumber) values (5, 'Dorelia', 'MacTavish', '+86 135 988 9945');
insert into customer (Customer_ID, First_Name, Last_Name, PhoneNumber) values (6, 'Shanta', 'Klejin', '+86 717 164 2733');
insert into customer (Customer_ID, First_Name, Last_Name, PhoneNumber) values (7, 'Albert', 'Lampard', '+86 776 822 2064');
insert into customer (Customer_ID, First_Name, Last_Name, PhoneNumber) values (8, 'Morty', 'Patrickson', '+48 481 927 6441');
insert into customer (Customer_ID, First_Name, Last_Name, PhoneNumber) values (9, 'Geordie', 'Benazet', '+48 622 990 2469');
insert into customer (Customer_ID, First_Name, Last_Name, PhoneNumber) values (10, 'Jed', 'Millsap', '+373 301 724 0813');
insert into customer (Customer_ID, First_Name, Last_Name, PhoneNumber) values (11, 'Angelica', 'Morrell', '+46 881 468 1645');
insert into customer (Customer_ID, First_Name, Last_Name, PhoneNumber) values (12, 'Vicki', 'Georgiev', '+234 551 788 7392');
insert into customer (Customer_ID, First_Name, Last_Name, PhoneNumber) values (13, 'Ariel', 'Akred', '+216 770 634 1740');
insert into customer (Customer_ID, First_Name, Last_Name, PhoneNumber) values (14, 'Daria', 'Newe', '+63 740 631 0871');
insert into customer (Customer_ID, First_Name, Last_Name, PhoneNumber) values (15, 'Lindsy', 'Radbourn', '+7 123 167 0063');
insert into customer (Customer_ID, First_Name, Last_Name, PhoneNumber) values (16, 'Halsy', 'Petrolli', '+57 171 306 7099');
insert into customer (Customer_ID, First_Name, Last_Name, PhoneNumber) values (17, 'Cobb', 'Childers', '+1 478 825 9520');
insert into customer (Customer_ID, First_Name, Last_Name, PhoneNumber) values (18, 'Ardyth', 'Gremane', '+86 992 854 8727');
insert into customer (Customer_ID, First_Name, Last_Name, PhoneNumber) values (19, 'Adorne', 'Rydings', '+590 291 417 5912');
insert into customer (Customer_ID, First_Name, Last_Name, PhoneNumber) values (20, 'Ivory', 'Clemo', '+86 945 280 3249');
insert into customer (Customer_ID, First_Name, Last_Name, PhoneNumber) values (21, 'Maurita', 'Doick', '+48 864 934 2164');
insert into customer (Customer_ID, First_Name, Last_Name, PhoneNumber) values (22, 'Jillian', 'Donavan', '+86 521 562 4460');
insert into customer (Customer_ID, First_Name, Last_Name, PhoneNumber) values (23, 'Pammi', 'Windrus', '+386 949 519 4379');
insert into customer (Customer_ID, First_Name, Last_Name, PhoneNumber) values (24, 'Clovis', 'Bensusan', '+62 944 403 0406');

insert into payment (Payment_ID, Reservation_ID, Amount, Date_of_payment, PaymentMethod) values (1, 7, 2909, '3/5/2024', 'jcb');
insert into payment (Payment_ID, Reservation_ID, Amount, Date_of_payment, PaymentMethod) values (2, 11, 6446, '1/5/2024', 'jcb');
insert into payment (Payment_ID, Reservation_ID, Amount, Date_of_payment, PaymentMethod) values (3, 7, 11666, '5/10/2024', 'china-unionpay');
insert into payment (Payment_ID, Reservation_ID, Amount, Date_of_payment, PaymentMethod) values (4, 15, 3575, '3/9/2024', 'jcb');
insert into payment (Payment_ID, Reservation_ID, Amount, Date_of_payment, PaymentMethod) values (5, 7, 18762, '2/1/2024', 'jcb');
insert into payment (Payment_ID, Reservation_ID, Amount, Date_of_payment, PaymentMethod) values (6, 6, 13559, '4/8/2024', 'mastercard');
insert into payment (Payment_ID, Reservation_ID, Amount, Date_of_payment, PaymentMethod) values (7, 6, 4531, '10/1/2024', 'jcb');
insert into payment (Payment_ID, Reservation_ID, Amount, Date_of_payment, PaymentMethod) values (8, 9, 4341, '9/5/2024', 'jcb');
insert into payment (Payment_ID, Reservation_ID, Amount, Date_of_payment, PaymentMethod) values (9, 15, 9564, '4/21/2024', 'visa');
insert into payment (Payment_ID, Reservation_ID, Amount, Date_of_payment, PaymentMethod) values (10, 15, 1879, '9/24/2024', 'visa-electron');
insert into payment (Payment_ID, Reservation_ID, Amount, Date_of_payment, PaymentMethod) values (11, 3, 15129, '9/29/2024', 'jcb');
insert into payment (Payment_ID, Reservation_ID, Amount, Date_of_payment, PaymentMethod) values (12, 4, 4742, '12/4/2023', 'maestro');
insert into payment (Payment_ID, Reservation_ID, Amount, Date_of_payment, PaymentMethod) values (13, 8, 13296, '1/10/2024', 'jcb');


insert into reservations (Reservation_ID, Court_ID, Customer_ID, Reservation_Date, Time_start, Time_end, status) values (1, 32, 22, '10/5/2023', '12:03 PM', '11:27 AM', true);
insert into reservations (Reservation_ID, Court_ID, Customer_ID, Reservation_Date, Time_start, Time_end, status) values (2, 13, 20, '11/28/2023', '5:41 PM', '11:46 PM', false);
insert into reservations (Reservation_ID, Court_ID, Customer_ID, Reservation_Date, Time_start, Time_end, status) values (3, 24, 13, '6/12/2024', '7:57 AM', '5:56 PM', false);
insert into reservations (Reservation_ID, Court_ID, Customer_ID, Reservation_Date, Time_start, Time_end, status) values (4, 16, 10, '9/8/2024', '4:43 AM', '8:58 AM', false);
insert into reservations (Reservation_ID, Court_ID, Customer_ID, Reservation_Date, Time_start, Time_end, status) values (5, 23, 22, '4/9/2024', '3:36 AM', '1:59 AM', false);
insert into reservations (Reservation_ID, Court_ID, Customer_ID, Reservation_Date, Time_start, Time_end, status) values (6, 31, 3, '8/25/2024', '12:16 AM', '7:40 AM', true);
insert into reservations (Reservation_ID, Court_ID, Customer_ID, Reservation_Date, Time_start, Time_end, status) values (7, 39, 15, '10/5/2023', '4:06 AM', '8:27 AM', false);
insert into reservations (Reservation_ID, Court_ID, Customer_ID, Reservation_Date, Time_start, Time_end, status) values (8, 45, 6, '9/24/2024', '4:01 AM', '10:05 PM', true);
insert into reservations (Reservation_ID, Court_ID, Customer_ID, Reservation_Date, Time_start, Time_end, status) values (9, 9, 15, '4/17/2024', '3:20 PM', '12:30 PM', true);
insert into reservations (Reservation_ID, Court_ID, Customer_ID, Reservation_Date, Time_start, Time_end, status) values (10, 29, 6, '7/2/2024', '11:12 AM', '2:58 AM', true);
insert into reservations (Reservation_ID, Court_ID, Customer_ID, Reservation_Date, Time_start, Time_end, status) values (11, 50, 24, '3/21/2024', '1:44 AM', '4:42 AM', false);
insert into reservations (Reservation_ID, Court_ID, Customer_ID, Reservation_Date, Time_start, Time_end, status) values (12, 44, 11, '8/5/2024', '5:04 PM', '2:43 PM', true);
insert into reservations (Reservation_ID, Court_ID, Customer_ID, Reservation_Date, Time_start, Time_end, status) values (13, 11, 12, '6/7/2024', '6:44 AM', '8:50 AM', true);
insert into reservations (Reservation_ID, Court_ID, Customer_ID, Reservation_Date, Time_start, Time_end, status) values (14, 13, 3, '1/28/2024', '5:24 PM', '11:04 PM', true);
insert into reservations (Reservation_ID, Court_ID, Customer_ID, Reservation_Date, Time_start, Time_end, status) values (15, 4, 17, '8/6/2024', '11:42 AM', '12:12 AM', false);


insert into schedule (Schedule_ID, Court_ID, Day, status) values (1, 44, '12/6/2023', true);
insert into schedule (Schedule_ID, Court_ID, Day, status) values (2, 2, '3/6/2024', true);
insert into schedule (Schedule_ID, Court_ID, Day, status) values (3, 9, '2/28/2024', false);
insert into schedule (Schedule_ID, Court_ID, Day, status) values (4, 18, '4/27/2024', true);
insert into schedule (Schedule_ID, Court_ID, Day, status) values (5, 20, '2/14/2024', false);
insert into schedule (Schedule_ID, Court_ID, Day, status) values (6, 35, '12/14/2023', true);
insert into schedule (Schedule_ID, Court_ID, Day, status) values (7, 42, '12/14/2023', false);
insert into schedule (Schedule_ID, Court_ID, Day, status) values (8, 50, '3/22/2024', false);
insert into schedule (Schedule_ID, Court_ID, Day, status) values (9, 48, '10/23/2023', false);
insert into schedule (Schedule_ID, Court_ID, Day, status) values (10, 39, '8/21/2024', true);
insert into schedule (Schedule_ID, Court_ID, Day, status) values (11, 12, '1/21/2024', false);
insert into schedule (Schedule_ID, Court_ID, Day, status) values (12, 16, '1/18/2024', false);
insert into schedule (Schedule_ID, Court_ID, Day, status) values (13, 30, '5/16/2024', true);
insert into schedule (Schedule_ID, Court_ID, Day, status) values (14, 28, '8/16/2024', true);
insert into schedule (Schedule_ID, Court_ID, Day, status) values (15, 18, '3/10/2024', true);
insert into schedule (Schedule_ID, Court_ID, Day, status) values (16, 17, '11/27/2023', true);
insert into schedule (Schedule_ID, Court_ID, Day, status) values (17, 5, '9/24/2024', true);
insert into schedule (Schedule_ID, Court_ID, Day, status) values (18, 35, '3/13/2024', false);
insert into schedule (Schedule_ID, Court_ID, Day, status) values (19, 13, '2/4/2024', true);
insert into schedule (Schedule_ID, Court_ID, Day, status) values (20, 28, '8/10/2024', false);
insert into schedule (Schedule_ID, Court_ID, Day, status) values (21, 14, '12/12/2023', false);
insert into schedule (Schedule_ID, Court_ID, Day, status) values (22, 41, '6/8/2024', true);
insert into schedule (Schedule_ID, Court_ID, Day, status) values (23, 36, '6/6/2024', false);
insert into schedule (Schedule_ID, Court_ID, Day, status) values (24, 24, '3/8/2024', true);
insert into schedule (Schedule_ID, Court_ID, Day, status) values (25, 24, '12/8/2023', true);
insert into schedule (Schedule_ID, Court_ID, Day, status) values (26, 8, '5/7/2024', true);
insert into schedule (Schedule_ID, Court_ID, Day, status) values (27, 43, '8/26/2024', true);
insert into schedule (Schedule_ID, Court_ID, Day, status) values (28, 28, '2/7/2024', false);
insert into schedule (Schedule_ID, Court_ID, Day, status) values (29, 24, '4/20/2024', false);
insert into schedule (Schedule_ID, Court_ID, Day, status) values (30, 37, '6/26/2024', false);
insert into schedule (Schedule_ID, Court_ID, Day, status) values (31, 34, '9/7/2024', false);
insert into schedule (Schedule_ID, Court_ID, Day, status) values (32, 38, '7/20/2024', false);
insert into schedule (Schedule_ID, Court_ID, Day, status) values (33, 1, '6/21/2024', true);
insert into schedule (Schedule_ID, Court_ID, Day, status) values (34, 27, '9/2/2024', true);
insert into schedule (Schedule_ID, Court_ID, Day, status) values (35, 28, '4/20/2024', true);
insert into schedule (Schedule_ID, Court_ID, Day, status) values (36, 1, '7/22/2024', true);
insert into schedule (Schedule_ID, Court_ID, Day, status) values (37, 13, '3/8/2024', true);
insert into schedule (Schedule_ID, Court_ID, Day, status) values (38, 40, '12/15/2023', false);
insert into schedule (Schedule_ID, Court_ID, Day, status) values (39, 13, '12/30/2023', true);
insert into schedule (Schedule_ID, Court_ID, Day, status) values (40, 49, '2/15/2024', false);
insert into schedule (Schedule_ID, Court_ID, Day, status) values (41, 23, '12/29/2023', true);
insert into schedule (Schedule_ID, Court_ID, Day, status) values (42, 49, '11/8/2023', true);
insert into schedule (Schedule_ID, Court_ID, Day, status) values (43, 17, '11/19/2023', false);
insert into schedule (Schedule_ID, Court_ID, Day, status) values (44, 47, '10/11/2023', false);
insert into schedule (Schedule_ID, Court_ID, Day, status) values (45, 3, '9/7/2024', false);
insert into schedule (Schedule_ID, Court_ID, Day, status) values (46, 25, '3/12/2024', true);
insert into schedule (Schedule_ID, Court_ID, Day, status) values (47, 36, '9/24/2024', false);
insert into schedule (Schedule_ID, Court_ID, Day, status) values (48, 22, '6/4/2024', false);
insert into schedule (Schedule_ID, Court_ID, Day, status) values (49, 37, '4/23/2024', true);
insert into schedule (Schedule_ID, Court_ID, Day, status) values (50, 34, '11/10/2023', false);
